{
  "OptionsName": "Borderlands2",
  "SendRawMouseInput": false,
  "SendRawKeyboardInput": false,
  "SendNormalMouseInput": true,
  "SendNormalKeyboardInput": true,
  "SendScrollwheel": false,
  "SendWM_ACTIVATE": false,
  "SendWM_SETFOCUS": false,
  "RefreshWindowBoundsOnMouseClick": false,
  "DrawMouse": true,
  "Hook_FilterRawInput": true,
  "Hook_FilterWindowsMouseInput": false,
  "Hook_GetForegroundWindow": true,
  "Hook_GetCursorPos": true,
  "Hook_SetCursorPos": true,
  "Hook_GetAsyncKeyState": true,
  "Hook_GetKeyState": true,
  "Hook_XInput": true,
  "Hook_MouseVisibility": true,
  "EndVKey": 35
}