{
  "OptionsName": "Dont Starve Together",
  "SendRawMouseInput": false,
  "SendRawKeyboardInput": false,
  "SendNormalMouseInput": true,
  "SendNormalKeyboardInput": true,
  "SendScrollwheel": false,
  "SendWM_ACTIVATE": true,
  "SendWM_SETFOCUS": false,
  "RefreshWindowBoundsOnMouseClick": false,
  "DrawMouse": true,
  "Hook_FilterRawInput": false,
  "Hook_FilterWindowsMouseInput": false,
  "Hook_GetForegroundWindow": true,
  "Hook_GetCursorPos": true,
  "Hook_SetCursorPos": true,
  "Hook_GetAsyncKeyState": true,
  "Hook_GetKeyState": false,
  "Hook_XInput": true,
  "Hook_UseLegacyInput": false,
  "EndVKey": 35
}