{
  "OptionsName": "Factorio",
  "SendRawMouseInput": false,
  "SendRawKeyboardInput": false,
  "SendNormalMouseInput": true,
  "SendNormalKeyboardInput": true,
  "SendScrollwheel": true,
  "SendWM_ACTIVATE": true,
  "SendWM_SETFOCUS": true,
  "RefreshWindowBoundsOnMouseClick": false,
  "DrawMouse": true,
  "AutofillHandleName": "",
  "Hook_FilterRawInput": false,
  "Hook_FilterWindowsMouseInput": true,
  "Hook_GetForegroundWindow": true,
  "Hook_GetCursorPos": true,
  "Hook_SetCursorPos": true,
  "Hook_GetAsyncKeyState": true,
  "Hook_GetKeyState": true,
  "Hook_GetKeyboardState": true,
  "Hook_XInput": false,
  "Hook_DInput": false,
  "Hook_UseLegacyInput": false,
  "UpdateAbsoluteFlagInMouseMessage": false,
  "Hook_MouseVisibility": false,
  "EndVKey": 35
}