{
  "OptionsName": "Minecraft 1.14.3",
  "SendRawMouseInput": false,
  "SendRawKeyboardInput": false,
  "SendNormalMouseInput": true,
  "SendNormalKeyboardInput": true,
  "SendScrollwheel": true,
  "SendWM_ACTIVATE": true,
  "SendWM_SETFOCUS": true,
  "RefreshWindowBoundsOnMouseClick": false,
  "DrawMouse": true,
  "Hook_FilterRawInput": false,
  "Hook_FilterWindowsMouseInput": false,
  "Hook_GetForegroundWindow": true,
  "Hook_GetCursorPos": true,
  "Hook_SetCursorPos": true,
  "Hook_GetAsyncKeyState": true,
  "Hook_GetKeyState": false,
  "Hook_XInput": false,
  "Hook_UseLegacyInput": true,
  "UpdateAbsoluteFlagInMouseMessage": true,
  "Hook_MouseVisibility": true,
  "EndVKey": 35
}