{
  "OptionsName": "Minecraft Alternate",
  "SendRawMouseInput": true,
  "SendRawKeyboardInput": false,
  "SendNormalMouseInput": true,
  "SendNormalKeyboardInput": true,
  "SendScrollwheel": true,
  "SendWM_ACTIVATE": true,
  "SendWM_SETFOCUS": true,
  "RefreshWindowBoundsOnMouseClick": false,
  "DrawMouse": true,
  "Hook_FilterRawInput": false,
  "Hook_FilterWindowsMouseInput": true,
  "Hook_GetForegroundWindow": false,
  "Hook_GetCursorPos": true,
  "Hook_SetCursorPos": true,
  "Hook_GetAsyncKeyState": true,
  "Hook_GetKeyState": false,
  "Hook_XInput": false,
  "Hook_UseLegacyInput": false,
  "Hook_MouseVisibility": true,
  "EndVKey": 35
}