{
  "OptionsName": "NuclearThrone",
  "SendRawMouseInput": false,
  "SendRawKeyboardInput": false,
  "SendNormalMouseInput": true,
  "SendNormalKeyboardInput": true,
  "SendScrollwheel": true,
  "SendWM_ACTIVATE": false,
  "SendWM_SETFOCUS": false,
  "RefreshWindowBoundsOnMouseClick": false,
  "DrawMouse": false,
  "Hook_FilterRawInput": false,
  "Hook_FilterWindowsMouseInput": false,
  "Hook_GetForegroundWindow": false,
  "Hook_GetCursorPos": false,
  "Hook_SetCursorPos": false,
  "Hook_GetAsyncKeyState": false,
  "Hook_GetKeyState": false,
  "Hook_XInput": false,
  "EndVKey": 35
}