{
  "OptionsName": "Rift",
  "SendRawMouseInput": false,
  "SendRawKeyboardInput": false,
  "SendNormalMouseInput": true,
  "SendNormalKeyboardInput": true,
  "SendScrollwheel": true,
  "SendWM_ACTIVATE": false,
  "SendWM_SETFOCUS": false,
  "SendWM_ACTIVATE_AtStart": true,
  "SystemMouseToMiddle": true,
  "LeftOffset": "0",
  "TopOffset": "0",
  "ExtraHeight": "0",
  "RefreshWindowBoundsOnMouseClick": false,
  "DrawMouse": true,
  "AutofillHandleName": "",
  "Hook_FilterRawInput": false,
  "Hook_FilterWindowsMouseInput": true,
  "Hook_GetForegroundWindow": true,
  "Hook_GetCursorPos": false,
  "Hook_SetCursorPos": false,
  "Hook_GetAsyncKeyState": false,
  "Hook_GetKeyState": true,
  "Hook_GetKeyboardState": true,
  "Hook_XInput": false,
  "Hook_DInput": false,
  "Hook_UseLegacyInput": false,
  "UpdateAbsoluteFlagInMouseMessage": false,
  "Hook_MouseVisibility": false,
  "EndVKey": 35
}