{
  "OptionsName": "Source Engine",
  "SendRawMouseInput": false,
  "SendRawKeyboardInput": false,
  "SendNormalMouseInput": true,
  "SendNormalKeyboardInput": true,
  "SendScrollwheel": true,
  "SendWM_ACTIVATE": true,
  "SendWM_SETFOCUS": false,
  "RefreshWindowBoundsOnMouseClick": false,
  "DrawMouse": true,
  "AutofillHandleName": "hl2_singleton_mutex",
  "Hook_FilterRawInput": true,
  "Hook_FilterWindowsMouseInput": false,
  "Hook_GetForegroundWindow": true,
  "Hook_GetCursorPos": true,
  "Hook_SetCursorPos": true,
  "Hook_GetAsyncKeyState": true,
  "Hook_GetKeyState": true,
  "Hook_XInput": true,
  "Hook_UseLegacyInput": false,
  "UpdateAbsoluteFlagInMouseMessage": false,
  "Hook_MouseVisibility": true,
  "EndVKey": 35
}