{
  "OptionsName": "Starbound",
  "SendRawMouseInput": false,
  "SendRawKeyboardInput": false,
  "SendNormalMouseInput": true,
  "SendNormalKeyboardInput": true,
  "SendScrollwheel": false,
  "SendWM_ACTIVATE": true,
  "SendWM_SETFOCUS": false,
  "RefreshWindowBoundsOnMouseClick": false,
  "DrawMouse": false,
  "Hook_FilterRawInput": false,
  "Hook_FilterWindowsMouseInput": true,
  "Hook_GetForegroundWindow": false,
  "Hook_GetCursorPos": true,
  "Hook_SetCursorPos": false,
  "Hook_GetAsyncKeyState": true,
  "Hook_GetKeyState": false,
  "Hook_XInput": false,
  "EndVKey": 35
}