{
  "OptionsName": "Stardew Valley",
  "SendRawMouseInput": false,
  "SendRawKeyboardInput": false,
  "SendNormalMouseInput": true,
  "SendNormalKeyboardInput": true,
  "SendScrollwheel": true,
  "SendWM_ACTIVATE": true,
  "SendWM_SETFOCUS": false,
  "RefreshWindowBoundsOnMouseClick": false,
  "DrawMouse": false,
  "Hook_FilterRawInput": false,
  "Hook_FilterWindowsMouseInput": false,
  "Hook_GetForegroundWindow": true,
  "Hook_GetCursorPos": true,
  "Hook_SetCursorPos": true,
  "Hook_GetAsyncKeyState": true,
  "Hook_GetKeyState": true,
  "Hook_GetKeyboardState": true,
  "Hook_XInput": true,
  "EndVKey": 35
}